workout_id,workout_name,start_time,end_time,duration_mins,nth_workout,estimated_volume_kg,exercise_count,exercises_performed
Workout_001,Leg,2024-01-01 00:00:00,2024-01-01 00:44:57,44.95,1,1755.0,6,"Warm Up, Leg Extension (Machine), Standing Leg Curls, Front Squat, Lying Leg Curl (Machine), Walking Lunge"
Workout_002,Shoulders,2024-01-01 23:57:32,2024-01-02 00:44:35,47.05,2,1430.0,7,"Warm Up, Standing Military Press (Barbell), Overhead Press (Barbell), Lateral Raise (Dumbbell), Upright Row (Barbell), Shoulder Press (Dumbbell), Seated Wrist Extension (Barbell)"
Workout_003,Shoulders 💪,2024-01-03 00:02:38,2024-01-03 00:43:12,40.56666666666667,3,1967.5,5,"Warm Up, Lat Pulldown (Cable), Shoulder Press (Dumbbell), Upright Row (Dumbbell), Shoulder Press (Machine Plates)"
Workout_004,Legs 🦵,2024-01-03 23:47:27,2024-01-04 00:42:46,55.31666666666667,4,3590.0,7,"Warm Up, Squat (Dumbbell), Deadlift (Smith Machine), Standing Leg Curls, Leg Extension (Machine), Lying Leg Curl (Machine), Spinning"
Workout_005,Back,2024-01-05 23:47:48,2024-01-06 00:48:06,60.3,5,9049.0,6,"Warm Up, Lat Pulldown (Cable), Seated Cable Row - V Grip (Cable), Reverse Grip Lat Pulldown (Cable), Lat Pulldown (Machine), Iso-Lateral Row (Machine)"
Workout_006,Chest 🧰,2024-01-06 23:52:58,2024-01-07 00:45:57,52.983333333333334,6,5395.0,7,"Warm Up, Push Up, Bench Press (Barbell), Incline Bench Press (Dumbbell), Cable Fly Crossovers, Incline Bench Press (Barbell), Chest Fly (Machine)"
Workout_007,Morning workout ☀️,2024-01-07 23:44:41,2024-01-08 00:44:23,59.7,7,2500.0,6,"Warm Up, Squat (Dumbbell), Leg Extension (Machine), Lying Leg Curl (Machine), Plank, Leg Press (Machine)"
Workout_008,Shoulders,2024-01-08 23:46:51,2024-01-09 00:47:38,60.78333333333333,8,2935.0,8,"Warm Up, Standing Military Press (Barbell), Overhead Press (Barbell), Lateral Raise (Dumbbell), Upright Row (Cable), Overhead Press (Dumbbell), Front Raise (Dumbbell), Shoulder Press (Machine Plates)"
Workout_009,Chest,2024-01-09 23:43:39,2024-01-10 00:44:24,60.75,9,6220.0,7,"Warm Up, Incline Bench Press (Barbell), Bench Press (Barbell), Decline Bench Press (Barbell), Incline Bench Press (Dumbbell), Chest Fly (Machine), Cable Fly Crossovers"
Workout_010,Morning workout ☀️,2024-01-10 23:47:41,2024-01-11 00:46:16,58.583333333333336,10,0.0,1,Warm Up
Workout_011,Chest,2024-01-12 23:48:02,2024-01-13 00:42:29,54.45,11,6435.0,7,"Warm Up, Bench Press (Barbell), Incline Bench Press (Barbell), Decline Bench Press (Barbell), Chest Fly (Machine), Hammer Curl (Dumbbell), Bench Press (Dumbbell)"
Workout_012,Back,2024-01-13 23:44:28,2024-01-14 00:47:11,62.71666666666667,12,7034.0,8,"Warm Up, Lat Pulldown (Cable), Seated Cable Row - V Grip (Cable), Seated Lateral Raise (Dumbbell), Lat Pulldown (Machine), Single Arm Tricep Extension (Dumbbell), Triceps Extension (Dumbbell), Hammer Curl (Dumbbell)"
Workout_013,Shoulders,2024-01-14 23:47:05,2024-01-15 00:43:09,56.06666666666667,13,4400.0,7,"Warm Up, Overhead Press (Barbell), Lateral Raise (Dumbbell), Upright Row (Barbell), Arnold Press (Dumbbell), Front Raise (Barbell), Front Raise (Dumbbell)"
Workout_014,Chest,2024-01-16 23:44:28,2024-01-17 00:45:15,60.78333333333333,14,6130.0,7,"Warm Up, Bench Press (Barbell), Incline Bench Press (Barbell), Lateral Leg Raises, Decline Bench Press (Barbell), Chest Fly (Machine), Hammer Curl (Dumbbell)"
Workout_015,Legs 🦵,2024-01-17 23:53:18,2024-01-18 00:48:02,54.733333333333334,15,6915.0,6,"Warm Up, Squat (Barbell), Deadlift (Smith Machine), Leg Extension (Machine), Lying Leg Curl (Machine), Calf Press (Machine)"
Workout_016,Chest,2024-01-19 23:49:01,2024-01-20 00:47:49,58.8,16,7428.0,7,"Warm Up, Bench Press (Barbell), Incline Bench Press (Barbell), Decline Bench Press (Barbell), Chest Fly (Machine), Hammer Curl (Dumbbell), Bicep Curl (Cable)"
Workout_017,Back,2024-01-20 23:49:36,2024-01-21 00:47:03,57.45,17,6040.0,6,"Warm Up, Seated Lateral Raise (Dumbbell), Lat Pulldown (Cable), Seated Cable Row - V Grip (Cable), Reverse Grip Lat Pulldown (Cable), Single Arm Tricep Extension (Dumbbell)"
Workout_018,Legs,2024-01-21 23:50:25,2024-01-22 00:44:58,54.55,18,3370.0,6,"Warm Up, Goblet Squat, Romanian Deadlift (Dumbbell), Leg Extension (Machine), Lying Leg Curl (Machine), Lying Leg Raise"
Workout_019,Shoulder,2024-01-22 23:47:19,2024-01-23 00:47:36,60.28333333333333,19,4250.0,6,"Warm Up, Overhead Press (Barbell), Lateral Raise (Dumbbell), Arnold Press (Dumbbell), Upright Row (Barbell), Shoulder Press (Machine Plates)"
Workout_020,Morning workout ☀️,2024-02-11 23:17:40,2024-02-12 00:12:51,55.18333333333333,20,7735.0,7,"Warm Up, Lat Pulldown (Cable), Chest Fly (Machine), Iso-Lateral Row (Machine), Iso-Lateral Chest Press (Machine), Iso-Lateral High Row (Machine), Bicep Curl (Cable)"
Workout_021,Back,2024-02-13 23:51:51,2024-02-14 00:29:35,37.733333333333334,21,5920.0,6,"Warm Up, Lat Pulldown (Cable), Seated Cable Row - V Grip (Cable), Seated Lateral Raise (Dumbbell), Iso-Lateral High Row (Machine), Dumbbell Row"
Workout_022,Chest,2024-02-16 23:25:09,2024-02-17 00:21:01,55.86666666666667,22,5868.0,6,"Warm Up, Bench Press (Barbell), Incline Bench Press (Barbell), Decline Bench Press (Barbell), Chest Fly (Machine), Hammer Curl (Dumbbell)"
Workout_023,Back,2024-02-17 23:25:00,2024-02-18 00:14:49,49.81666666666667,23,6714.0,7,"Warm Up, Lat Pulldown (Cable), Seated Cable Row - V Grip (Cable), Lat Pulldown (Cable), Seated Lateral Raise (Dumbbell), Iso-Lateral High Row (Machine), Dumbbell Row"
Workout_024,Shoulder,2024-02-18 23:35:39,2024-02-19 00:02:33,26.9,24,2700.0,4,"Warm Up, Overhead Press (Barbell), Lateral Raise (Dumbbell), Arnold Press (Dumbbell)"
Workout_025,Legs 🦵,2024-02-19 23:22:45,2024-02-20 00:10:57,48.2,25,6015.0,5,"Warm Up, Deadlift (Smith Machine), Leg Extension (Machine), Lying Leg Curl (Machine), Calf Press (Machine)"
Workout_026,Back,2024-02-21 23:19:54,2024-02-22 00:10:11,50.28333333333333,26,6075.0,6,"Warm Up, Lat Pulldown (Cable), Seated Cable Row - V Grip (Cable), Seated Lateral Raise (Dumbbell), Lat Pulldown (Machine), Single Arm Tricep Extension (Dumbbell)"
Workout_027,Chest,2024-02-25 23:29:02,2024-02-26 00:22:32,53.5,27,4950.0,5,"Warm Up, Incline Bench Press (Barbell), Decline Bench Press (Barbell), Bench Press (Barbell), Chest Fly (Machine)"
Workout_028,Biceps 💪,2024-02-27 23:35:47,2024-02-28 00:21:12,45.416666666666664,28,3000.0,4,"Warm Up, Bicep Curl (Barbell), Bicep Curl (Dumbbell), Preacher Curl (Barbell)"
Workout_029,Legs,2024-02-28 23:24:51,2024-02-29 00:23:28,58.61666666666667,29,2620.0,5,"Warm Up, Goblet Squat, Lying Leg Curl (Machine), Deadlift (Smith Machine), Lunge"
Workout_030,Chest,2024-03-02 23:26:24,2024-03-03 00:16:03,49.65,30,4675.0,5,"Warm Up, Bench Press (Barbell), Incline Bench Press (Barbell), Decline Bench Press (Barbell), Iso-Lateral Chest Press (Machine)"
Workout_031,Legs 🦵,2024-03-03 23:25:05,2024-03-04 00:11:13,46.13333333333333,31,6290.0,6,"Warm Up, Deadlift (Smith Machine), Leg Extension (Machine), Lying Leg Curl (Machine), Calf Press (Machine), Standing Leg Curls"
Workout_032,Shoulders,2024-03-04 23:28:36,2024-03-05 00:11:38,43.03333333333333,32,3157.5,6,"Warm Up, Overhead Press (Barbell), Lateral Raise (Dumbbell), Upright Row (Cable), Overhead Press (Dumbbell), Front Raise (Dumbbell)"
Workout_033,Morning workout ☀️,2024-09-21 23:55:46,2024-09-22 00:51:18,55.53333333333333,33,4335.0,6,"Warm Up, Lat Pulldown (Cable), Iso-Lateral Chest Press (Machine), Bicep Curl (Dumbbell), Iso-Lateral Row (Machine), Iso-Lateral Chest Press (Machine)"
Workout_034,Morning workout ☀️,2024-09-23 00:27:57,2024-09-23 01:21:11,53.233333333333334,34,4460.0,6,"Warm Up, Lat Pulldown (Cable), Iso-Lateral Chest Press (Machine), Bicep Curl (Dumbbell), Iso-Lateral Row (Machine), Decline Bench Press (Barbell)"
Workout_035,Morning workout ☀️,2024-09-24 00:31:49,2024-09-24 01:14:10,42.35,35,3310.0,5,"Warm Up, Lat Pulldown (Cable), Iso-Lateral Chest Press (Machine), Bicep Curl (Dumbbell), Iso-Lateral Row (Machine)"
Workout_036,Morning workout ☀️,2024-09-25 00:30:33,2024-09-25 01:30:52,60.31666666666667,36,4440.0,6,"Warm Up, Lat Pulldown (Cable), Seated Cable Row - V Grip (Cable), Iso-Lateral Chest Press (Machine), Bicep Curl (Dumbbell), Squat (Bodyweight)"
Workout_037,Chest,2024-09-28 00:03:43,2024-09-28 01:01:58,58.25,37,6445.0,7,"Warm Up, Bench Press (Barbell), Decline Bench Press (Barbell), Incline Bench Press (Dumbbell), Chest Fly (Machine), Iso-Lateral Chest Press (Machine), Triceps Pushdown"
Workout_038,Shoulders,2024-09-29 00:29:17,2024-09-29 01:12:24,43.11666666666667,38,4205.0,7,"Warm Up, Standing Military Press (Barbell), Lateral Raise (Dumbbell), Upright Row (Cable), Overhead Press (Dumbbell), Front Raise (Dumbbell), Shoulder Press (Machine Plates)"
Workout_039,Chest,2024-09-30 00:15:33,2024-09-30 01:11:58,56.416666666666664,39,6615.0,7,"Warm Up, Bench Press (Barbell), Incline Bench Press (Barbell), Decline Bench Press (Barbell), Chest Fly (Machine), Hammer Curl (Dumbbell), Bicep Curl (Cable)"
Workout_040,Back,2024-10-01 00:24:15,2024-10-01 01:21:01,56.766666666666666,40,4710.0,7,"Warm Up, Lat Pulldown (Cable), Seated Lateral Raise (Dumbbell), Lat Pulldown (Machine), Single Arm Tricep Extension (Dumbbell), Triceps Extension (Dumbbell), Hammer Curl (Dumbbell)"
Workout_041,Shoulders,2024-10-02 00:23:50,2024-10-02 01:12:27,48.61666666666667,41,3560.0,6,"Warm Up, Standing Military Press (Barbell), Lateral Raise (Dumbbell), Upright Row (Cable), Overhead Press (Dumbbell), Spinning"
Workout_042,Chest,2024-10-05 00:20:50,2024-10-05 01:20:57,60.11666666666667,42,6920.0,7,"Warm Up, Bench Press (Barbell), Incline Bench Press (Barbell), Decline Bench Press (Barbell), Chest Fly (Machine), Hammer Curl (Dumbbell), Bicep Curl (Cable)"
Workout_043,Back,2024-10-06 00:18:44,2024-10-06 01:19:46,61.03333333333333,43,6630.0,7,"Warm Up, Lat Pulldown (Cable), Seated Cable Row - V Grip (Cable), Seated Lateral Raise (Dumbbell), Lat Pulldown (Machine), Single Arm Tricep Extension (Dumbbell), Triceps Extension (Dumbbell)"
Workout_044,Shoulders,2024-10-07 00:25:51,2024-10-07 01:20:06,54.25,44,3110.0,5,"Warm Up, Standing Military Press (Barbell), Front Raise (Barbell), Seated Lateral Raise (Dumbbell), Face Pull"
Workout_045,Legs 🦵,2024-10-08 00:15:56,2024-10-08 01:13:57,58.016666666666666,45,2770.0,6,"Warm Up, Squat (Bodyweight), Leg Press (Machine), Lunge, Leg Extension (Machine), Lying Leg Curl (Machine)"
Workout_046,Chest,2024-10-09 00:19:58,2024-10-09 01:19:17,59.31666666666667,46,3765.0,7,"Warm Up, Bench Press (Barbell), Incline Bench Press (Barbell), Decline Bench Press (Dumbbell), Chest Fly (Machine), Kneeling Push Up, Incline Chest Fly (Dumbbell)"
Workout_047,Back,2024-10-12 00:18:26,2024-10-12 01:16:25,57.983333333333334,47,6611.0,7,"Warm Up, Lat Pulldown (Cable), Seated Cable Row - V Grip (Cable), T Bar Row, Dumbbell Row, Iso-Lateral Row (Machine), Cable Crunch"
Workout_048,Shoulders,2024-10-13 00:23:26,2024-10-13 01:12:05,48.65,48,3620.0,6,"Warm Up, Overhead Press (Dumbbell), Front Raise (Barbell), Face Pull, Rear Delt Reverse Fly (Machine), Shrug (Dumbbell)"
Workout_049,Triceps,2024-10-14 00:23:23,2024-10-14 01:26:06,62.71666666666667,49,4450.0,7,"Warm Up, Skullcrusher (Barbell), Triceps Extension (Dumbbell), Single Arm Tricep Extension (Dumbbell), Triceps Pushdown, Triceps Extension (Cable), Triceps Kickback (Dumbbell)"
Workout_050,Biceps,2024-10-15 00:21:28,2024-10-15 01:18:48,57.333333333333336,50,5110.0,8,"Warm Up, Bicep Curl (Barbell), Hammer Curl (Dumbbell), Bicep Curl (Cable), Bicep Curl (Cable), Preacher Curl (Dumbbell), Single Arm Curl (Cable), Spinning"
Workout_051,Legs 🦵🏻,2024-10-16 00:22:15,2024-10-16 01:22:22,60.11666666666667,51,4915.0,7,"Warm Up, Squat (Bodyweight), Lunge, Leg Press (Machine), Leg Extension (Machine), Lying Leg Curl (Machine), Single Leg Standing Calf Raise"
Workout_052,Core,2024-10-19 00:19:27,2024-10-19 01:21:49,62.36666666666667,52,803.0,6,"Warm Up, Farmers Walk, Kneeling Push Up, Crunch, Side Bend (Dumbbell), Spinning"
Workout_053,Chest,2024-10-20 00:21:41,2024-10-20 01:26:30,64.81666666666666,53,4934.0,7,"Warm Up, Kneeling Push Up, Incline Bench Press (Barbell), Bench Press (Barbell), Decline Bench Press (Dumbbell), Chest Fly (Dumbbell), Chest Fly (Machine)"
Workout_054,Back,2024-10-21 00:22:22,2024-10-21 01:22:46,60.4,54,8370.0,8,"Warm Up, Lat Pulldown (Cable), Seated Cable Row - V Grip (Cable), T Bar Row, Dumbbell Row, Iso-Lateral Row (Machine), Cable Crunch, Spinning"
Workout_055,Shoulder,2024-10-22 00:25:32,2024-10-22 01:16:11,50.65,55,5277.5,7,"Warm Up, Overhead Press (Dumbbell), Front Raise (Barbell), Face Pull, Shoulder Press (Machine Plates), Rear Delt Reverse Fly (Machine), Shrug (Dumbbell)"
Workout_056,Legs,2024-10-23 00:23:31,2024-10-23 01:15:46,52.25,56,5945.0,7,"Warm Up, Squat (Bodyweight), Leg Press (Machine), Lunge, Leg Extension (Machine), Lying Leg Curl (Machine), Single Leg Standing Calf Raise"
Workout_057,Triceps,2024-10-26 00:25:40,2024-10-26 01:20:33,54.88333333333333,57,4282.5,6,"Warm Up, Skullcrusher (Barbell), Triceps Extension (Dumbbell), Single Arm Tricep Extension (Dumbbell), Triceps Pushdown, Triceps Kickback (Cable)"
Workout_058,Biceps,2024-10-27 00:24:44,2024-10-27 01:23:10,58.43333333333333,58,5625.0,7,"Warm Up, Bicep Curl (Barbell), Hammer Curl (Dumbbell), Bicep Curl (Cable), Bicep Curl (Cable), Preacher Curl (Dumbbell), Concentration Curl"
Workout_059,Core,2024-10-28 00:18:08,2024-10-28 01:24:04,65.93333333333334,59,150.0,7,"Warm Up, Decline Crunch, Crunch, Lying Leg Raise, Ab Scissors, Russian Twist (Weighted), Seated Leg Tuck"
Workout_060,Legs,2024-10-29 00:22:05,2024-10-29 01:16:55,54.833333333333336,60,5660.0,7,"Warm Up, Squat (Bodyweight), Leg Press (Machine), Lunge, Leg Extension (Machine), Lying Leg Curl (Machine), Single Leg Standing Calf Raise"
Workout_061,Chest,2024-10-30 00:23:36,2024-10-30 01:21:27,57.85,61,5930.0,8,"Warm Up, Bench Press (Barbell), Decline Bench Press (Barbell), Incline Bench Press (Dumbbell), Incline Chest Fly (Dumbbell), Chest Fly (Machine), Kneeling Push Up, Spinning"
Workout_062,Back,2024-11-02 00:27:52,2024-11-02 01:36:20,68.46666666666667,62,7470.0,6,"Warm Up, Bent Over Row (Barbell), Lat Pulldown (Cable), Iso-Lateral Row (Machine), T Bar Row, Dumbbell Row"
Workout_063,Biceps,2024-11-03 00:28:03,2024-11-03 01:29:20,61.28333333333333,63,4965.0,7,"Warm Up, Bicep Curl (Barbell), Hammer Curl (Dumbbell), Bicep Curl (Dumbbell), Bicep Curl (Cable), Preacher Curl (Dumbbell), Concentration Curl"
Workout_064,Triceps,2024-11-04 00:16:33,2024-11-04 01:16:32,59.983333333333334,64,6490.0,7,"Warm Up, Skullcrusher (Barbell), Triceps Extension (Dumbbell), Single Arm Tricep Extension (Dumbbell), Triceps Pushdown, Triceps Kickback (Cable), Triceps Extension (Cable)"
Workout_065,Legs,2024-11-05 00:25:52,2024-11-05 01:23:12,57.333333333333336,65,6757.0,7,"Warm Up, Squat (Bodyweight), Leg Press (Machine), Lunge, Leg Extension (Machine), Lying Leg Curl (Machine), Single Leg Standing Calf Raise"
Workout_066,Shoulders,2024-11-06 00:27:20,2024-11-06 01:25:33,58.21666666666667,66,7825.0,8,"Warm Up, Overhead Press (Dumbbell), Front Raise (Barbell), Face Pull, Shoulder Press (Machine Plates), Rear Delt Reverse Fly (Machine), Shrug (Dumbbell), Seated Lateral Raise (Dumbbell)"
Workout_067,Core,2024-11-09 00:21:47,2024-11-09 01:20:37,58.833333333333336,67,200.0,7,"Warm Up, Decline Crunch, Crunch, Lying Leg Raise, Ab Scissors, Russian Twist (Weighted), Seated Leg Tuck"
Workout_068,Chest,2024-11-10 00:09:17,2024-11-10 01:09:29,60.2,68,7555.0,7,"Warm Up, Bench Press (Barbell), Decline Bench Press (Barbell), Incline Chest Fly (Dumbbell), Incline Chest Fly (Dumbbell), Chest Fly (Machine), Spinning"
Workout_069,Back,2024-11-11 00:17:34,2024-11-11 01:08:43,51.15,69,6970.0,6,"Warm Up, Bent Over Row (Barbell), Lat Pulldown (Cable), Iso-Lateral Row (Machine), T Bar Row, Dumbbell Row"
Workout_070,Shoulders,2024-11-12 00:30:09,2024-11-12 01:18:18,48.15,70,6420.0,6,"Warm Up, Overhead Press (Dumbbell), Front Raise (Barbell), Face Pull, Rear Delt Reverse Fly (Machine), Shrug (Dumbbell)"
Workout_071,Biceps,2024-11-13 00:17:26,2024-11-13 01:19:32,62.1,71,4937.0,7,"Warm Up, Bicep Curl (Barbell), Hammer Curl (Dumbbell), Bicep Curl (Cable), Seated Incline Curl (Dumbbell), Preacher Curl (Dumbbell), Concentration Curl"
Workout_072,Triceps,2024-11-16 00:13:20,2024-11-16 01:12:02,58.7,72,6002.5,7,"Warm Up, Skullcrusher (Barbell), Triceps Extension (Dumbbell), Single Arm Tricep Extension (Dumbbell), Triceps Pushdown, Triceps Extension (Cable), Triceps Kickback (Dumbbell)"
Workout_073,Legs,2024-11-17 00:15:05,2024-11-17 01:18:25,63.333333333333336,73,8045.0,7,"Warm Up, Squat (Bodyweight), Leg Press (Machine), Lunge, Leg Extension (Machine), Lying Leg Curl (Machine), Single Leg Standing Calf Raise"
Workout_074,Core,2024-11-19 00:25:37,2024-11-19 01:31:14,65.61666666666666,74,412.5,8,"Warm Up, Decline Crunch, Crunch, Farmers Walk, Lying Leg Raise, Ab Scissors, Russian Twist (Weighted), Seated Leg Tuck"
Workout_075,Chest,2024-11-20 00:27:56,2024-11-20 01:23:48,55.86666666666667,75,6800.0,6,"Warm Up, Bench Press (Barbell), Incline Bench Press (Barbell), Decline Bench Press (Dumbbell), Chest Fly (Dumbbell), Chest Fly (Machine)"
Workout_076,Back,2024-11-20 23:58:38,2024-11-21 00:49:45,51.11666666666667,76,7895.0,6,"Warm Up, Rack Pull, Bent Over Row (Barbell), Lat Pulldown (Cable), Seated Cable Row - V Grip (Cable), Dumbbell Row"
Workout_077,Shoulder,2024-11-23 00:23:32,2024-11-23 01:05:43,42.18333333333333,77,6747.5,6,"Warm Up, Overhead Press (Dumbbell), Front Raise (Barbell), Face Pull, Rear Delt Reverse Fly (Machine), Shrug (Dumbbell)"
Workout_078,Biceps,2024-11-24 00:21:10,2024-11-24 01:16:38,55.46666666666667,78,4760.0,6,"Warm Up, Bicep Curl (Barbell), Hammer Curl (Dumbbell), Bicep Curl (Cable), Preacher Curl (Dumbbell), Concentration Curl"
Workout_079,Triceps,2024-11-25 00:25:32,2024-11-25 01:21:47,56.25,79,5972.5,6,"Warm Up, Skullcrusher (Barbell), Triceps Rope Pushdown, Triceps Pushdown, Triceps Extension (Cable), Triceps Kickback (Dumbbell)"
Workout_080,Legs,2024-11-26 00:26:35,2024-11-26 01:32:00,65.41666666666667,80,8715.0,7,"Warm Up, Squat (Dumbbell), Leg Press (Machine), Lunge, Leg Extension (Machine), Lying Leg Curl (Machine), Single Leg Standing Calf Raise"
Workout_081,Core,2024-11-27 00:26:34,2024-11-27 01:29:01,62.45,81,2990.0,7,"Warm Up, Deadlift (Trap bar), Farmers Walk, Decline Crunch, Crunch, Ab Scissors, Plank"
Workout_082,Chest,2024-11-28 00:30:21,2024-11-28 01:35:06,64.75,82,8523.0,8,"Warm Up, Kneeling Push Up, Bench Press (Barbell), Incline Bench Press (Dumbbell), Decline Bench Press (Barbell), Decline Chest Fly (Dumbbell), Cable Fly Crossovers, Chest Fly (Machine)"
Workout_083,Back,2024-11-30 00:30:28,2024-11-30 01:31:51,61.38333333333333,83,10805.0,7,"Warm Up, Deadlift (Trap bar), Bent Over Row (Barbell), Lat Pulldown (Cable), Seated Cable Row - V Grip (Cable), T Bar Row, Dumbbell Row"
Workout_084,Biceps,2024-12-02 00:22:53,2024-12-02 01:23:17,60.4,84,5525.0,7,"Warm Up, Bicep Curl (Barbell), Hammer Curl (Dumbbell), Single Arm Curl (Cable), Bicep Curl (Cable), Seated Incline Curl (Dumbbell), Concentration Curl"
Workout_085,Shoulder,2024-12-04 00:21:14,2024-12-04 01:12:40,51.43333333333333,85,5605.0,6,"Warm Up, Shoulder Press (Machine Plates), Front Raise (Dumbbell), Rear Delt Reverse Fly (Dumbbell), Face Pull, Shrug (Dumbbell)"
Workout_086,Legs,2024-12-05 00:28:30,2024-12-05 01:28:35,60.083333333333336,86,8250.0,7,"Warm Up, Squat (Bodyweight), Leg Press (Machine), Lunge, Leg Extension (Machine), Standing Leg Curls, Single Leg Standing Calf Raise"
Workout_087,Triceps,2024-12-07 00:28:12,2024-12-07 01:19:23,51.18333333333333,87,7100.0,6,"Warm Up, Skullcrusher (Barbell), Triceps Rope Pushdown, Triceps Pushdown, Triceps Extension (Cable), Triceps Kickback (Dumbbell)"
Workout_088,Core,2024-12-08 00:26:22,2024-12-08 01:25:28,59.1,88,3000.0,7,"Warm Up, Russian Twist (Weighted), Seated Leg Tuck, Lying Leg Raise, Ab Scissors, Side Bend (Dumbbell), Plank"
Workout_089,Chest,2024-12-09 00:25:37,2024-12-09 01:27:10,61.55,89,8230.0,8,"Warm Up, Push Up, Kneeling Push Up, Bench Press (Barbell), Incline Bench Press (Dumbbell), Decline Bench Press (Barbell), Chest Fly (Dumbbell), Chest Fly (Machine)"
Workout_090,Back,2024-12-10 00:25:00,2024-12-10 01:28:42,63.7,90,10285.0,7,"Warm Up, Bent Over Row (Barbell), Lat Pulldown (Machine), Seated Cable Row - Bar Grip, T Bar Row, Dumbbell Row, Iso-Lateral Row (Machine)"
Workout_091,Biceps,2024-12-11 00:25:35,2024-12-11 01:26:34,60.983333333333334,91,6495.0,7,"Warm Up, Bicep Curl (Barbell), Hammer Curl (Dumbbell), Bicep Curl (Cable), Bicep Curl (Cable), Preacher Curl (Dumbbell), Concentration Curl"
Workout_092,Legs,2024-12-12 00:33:01,2024-12-12 01:31:14,58.21666666666667,92,8725.0,7,"Warm Up, Squat (Bodyweight), Lunge, Leg Press (Machine), Leg Extension (Machine), Standing Leg Curls, Single Leg Standing Calf Raise"
Workout_093,Shoulders,2024-12-14 00:26:25,2024-12-14 01:17:05,50.666666666666664,93,7905.0,7,"Warm Up, Overhead Press (Barbell), Front Raise (Dumbbell), Lateral Raise (Dumbbell), Rear Delt Reverse Fly (Machine), Face Pull, Shrug (Dumbbell)"
Workout_094,Chest,2024-12-16 00:22:02,2024-12-16 01:22:47,60.75,94,7380.0,7,"Warm Up, Push Up, Bench Press (Barbell), Incline Bench Press (Barbell), Decline Bench Press (Dumbbell), Chest Fly (Dumbbell), Chest Fly (Machine)"
Workout_095,Back,2024-12-17 00:27:58,2024-12-17 01:17:03,49.083333333333336,95,7815.0,6,"Warm Up, Lat Pulldown (Cable), Seated Cable Row - Bar Grip, T Bar Row, Dumbbell Row, Iso-Lateral Row (Machine)"
Workout_096,Biceps,2024-12-18 00:25:54,2024-12-18 01:21:36,55.7,96,7405.0,7,"Warm Up, Bicep Curl (Barbell), Hammer Curl (Dumbbell), Bicep Curl (Cable), Bicep Curl (Cable), Preacher Curl (Dumbbell), Reverse Curl (Cable)"
Workout_097,Shoulders,2024-12-19 00:24:56,2024-12-19 01:25:04,60.13333333333333,97,7280.0,7,"Warm Up, Seated Overhead Press (Barbell), Arnold Press (Dumbbell), Front Raise (Barbell), Lateral Raise (Dumbbell), Face Pull, Shrug (Dumbbell)"
Workout_098,Triceps,2024-12-21 00:10:57,2024-12-21 01:11:12,60.25,98,7145.0,7,"Warm Up, Skullcrusher (Barbell), Triceps Extension (Dumbbell), Single Arm Tricep Extension (Dumbbell), Triceps Pushdown, Triceps Extension (Cable), Triceps Kickback (Dumbbell)"
Workout_099,Core,2024-12-22 00:22:26,2024-12-22 01:34:35,72.15,99,3695.0,7,"Warm Up, Farmers Walk, Crunch, Bicycle Crunch, Lying Leg Raise, Mountain Climber, Side Bend (Dumbbell)"
Workout_100,Chest,2024-12-23 00:29:57,2024-12-23 01:32:06,62.15,100,9609.0,7,"Warm Up, Incline Bench Press (Dumbbell), Bench Press (Barbell), Decline Bench Press (Barbell), Incline Chest Fly (Dumbbell), Cable Fly Crossovers, Chest Fly (Machine)"
Workout_101,Biceps,2024-12-25 00:22:58,2024-12-25 01:19:32,56.56666666666667,101,4902.5,6,"Warm Up, Bicep Curl (Barbell), Bicep Curl (Dumbbell), Plate Curl, Bicep Curl (Cable), Reverse Curl (Barbell)"
Workout_102,Morning workout ☀️,2024-12-30 04:38:39,2024-12-30 04:45:43,7.066666666666666,102,0.0,1,Warm Up
Workout_103,Circuit,2025-01-04 00:17:56,2025-01-04 01:14:26,56.5,103,7315.0,7,"Warm Up, Bench Press (Barbell), Chest Fly (Machine), Lat Pulldown (Cable), Iso-Lateral Row (Machine), Bicep Curl (Dumbbell), Hammer Curl (Dumbbell)"
Workout_104,Morning workout ☀️,2025-01-05 00:22:10,2025-01-05 01:08:07,45.95,104,4565.0,6,"Warm Up, Overhead Press (Barbell), Front Raise (Dumbbell), Skullcrusher (Barbell), Triceps Extension (Dumbbell), Triceps Pushdown"
Workout_105,Legs,2025-01-07 00:28:30,2025-01-07 01:23:40,55.166666666666664,105,6065.0,6,"Warm Up, Squat (Bodyweight), Leg Press (Machine), Leg Extension (Machine), Lying Leg Curl (Machine), Single Leg Standing Calf Raise"
Workout_106,Core,2025-01-08 00:30:44,2025-01-08 01:23:23,52.65,106,3860.0,5,"Warm Up, Farmers Walk, Decline Crunch, Ab Scissors, Side Bend (Dumbbell)"
Workout_107,Morning workout ☀️,2025-01-11 00:50:15,2025-01-11 01:21:11,30.933333333333337,107,4600.0,4,"Warm Up, Bench Press (Barbell), Decline Bench Press (Barbell), Incline Chest Fly (Dumbbell)"
Workout_108,Shoulder,2025-01-15 00:23:06,2025-01-15 01:12:17,49.18333333333333,108,3200.0,5,"Warm Up, Overhead Press (Barbell), Arnold Press (Dumbbell), Front Raise (Barbell), Lateral Raise (Dumbbell)"
Workout_109,Triceps,2025-01-18 00:21:53,2025-01-18 00:47:44,25.85,109,3490.0,5,"Warm Up, Skullcrusher (Barbell), Triceps Extension (Dumbbell), Triceps Pushdown, Triceps Kickback (Dumbbell)"
Workout_110,Shoulder,2025-01-19 00:23:26,2025-01-19 00:59:04,35.63333333333333,110,5960.0,5,"Warm Up, Lat Pulldown (Cable), Seated Cable Row - V Grip (Cable), Dumbbell Row, Bent Over Row (Barbell)"
Workout_111,Biceps,2025-01-20 00:25:14,2025-01-20 01:01:41,36.45,111,3840.0,4,"Warm Up, Bicep Curl (Barbell), Hammer Curl (Dumbbell), Bicep Curl (Cable)"
Workout_112,Shoulders,2025-01-21 00:26:44,2025-01-21 01:14:39,47.916666666666664,112,7380.0,6,"Warm Up, Overhead Press (Barbell), Front Raise (Dumbbell), Lateral Raise (Dumbbell), Face Pull, Shrug (Dumbbell)"
Workout_113,Morning workout ☀️,2025-05-18 01:05:07,2025-05-18 01:40:53,35.766666666666666,113,2000.0,4,"Walking Lunge, Overhead Press (Dumbbell), Lat Pulldown (Cable), Stair Machine (Floors)"
Workout_114,Morning workout ☀️,2025-05-20 02:21:32,2025-05-20 03:21:35,60.05,114,2300.0,7,"Warm Up, Overhead Press (Barbell), Lateral Raise (Dumbbell), Face Pull, Burpee, Plank, Spinning"
Workout_115,Morning workout ☀️,2025-05-21 00:46:47,2025-05-21 01:29:52,43.083333333333336,115,2700.0,4,"Warm Up, Plank, Side Bend (Dumbbell), Spinning"
Workout_116,Morning workout ☀️,2025-05-23 23:44:12,2025-05-24 00:06:51,22.65,116,600.0,2,"Warm Up, Iso-Lateral Chest Press (Machine)"
Workout_117,Morning workout ☀️,2025-06-11 00:17:34,2025-06-11 01:08:06,50.53333333333333,117,5625.0,6,"Spinning, Lat Pulldown (Cable), Iso-Lateral Row (Machine), Back Extension (Hyperextension), T Bar Row, Iso-Lateral High Row (Machine)"
Workout_118,Morning workout ☀️,2025-06-11 23:33:09,2025-06-12 00:41:47,68.63333333333334,118,7050.0,8,"Warm Up, Bench Press (Barbell), Incline Bench Press (Barbell), Bench Press (Dumbbell), Iso-Lateral Chest Press (Machine), Seated Dip Machine, Chest Press (Machine), Treadmill"
Workout_119,Morning workout ☀️,2025-06-13 23:53:41,2025-06-14 00:54:56,61.25,119,5890.0,7,"Warm Up, Lat Pulldown (Cable), Iso-Lateral Row (Machine), Back Extension (Hyperextension), T Bar Row, Bicep Curl (Barbell), Treadmill"
Workout_120,Morning workout ☀️,2025-06-14 23:55:09,2025-06-15 01:09:34,74.41666666666667,120,4950.0,8,"Warm Up, Squat (Bodyweight), Leg Press (Machine), Leg Extension (Machine), Lying Leg Curl (Machine), Walking Lunge, Single Leg Standing Calf Raise, Elliptical Trainer"
Workout_121,Morning workout ☀️,2025-06-15 23:48:18,2025-06-16 00:59:55,71.61666666666666,121,875.0,4,"Warm Up, Burpee, Clean and Jerk, Sit Up"
Workout_122,Morning workout ☀️,2025-06-17 00:06:28,2025-06-17 01:19:50,73.36666666666666,122,7860.0,9,"Warm Up, Chest Press (Machine), Chest Fly (Machine), Bench Press (Barbell), Iso-Lateral Chest Press (Machine), Bench Press (Dumbbell), Chest Fly (Dumbbell), Seated Dip Machine, Spinning"
Workout_123,Triceps,2025-06-18 00:04:01,2025-06-18 01:15:32,71.51666666666667,123,4500.0,7,"Diamond Push Up, Triceps Pushdown, Skullcrusher (Barbell), Triceps Extension (Dumbbell), Triceps Pressdown, Plank, Elliptical Trainer"
Workout_124,Chest,2025-06-20 23:57:55,2025-06-21 01:18:47,80.86666666666666,124,5710.0,9,"Warm Up, Incline Bench Press (Dumbbell), Incline Chest Fly (Dumbbell), Bench Press (Barbell), Chest Fly (Machine), Bench Press (Dumbbell), Cable Fly Crossovers, Plank, Treadmill"
Workout_125,Back,2025-06-22 00:04:53,2025-06-22 01:15:17,70.4,125,6702.5,8,"Warm Up, Pull Up (Assisted), Lat Pulldown (Cable), T Bar Row, Seated Cable Row - V Grip (Cable), Iso-Lateral High Row (Machine), Dumbbell Row, Elliptical Trainer"
Workout_126,Shoulder,2025-06-23 00:05:25,2025-06-23 01:05:57,60.53333333333333,126,5025.0,7,"Warm Up, Overhead Press (Barbell), Overhead Press (Dumbbell), Lateral Raise (Dumbbell), Front Raise (Dumbbell), Shrug (Dumbbell), Spinning"
Workout_127,Legs,2025-06-24 00:00:56,2025-06-24 01:14:44,73.8,127,6312.5,7,"Warm Up, Spinning, Walking Lunge, Leg Press (Machine), Leg Extension (Machine), Lying Leg Curl (Machine), Sumo Squat (Dumbbell)"
Workout_128,Morning workout ☀️,2025-06-26 00:03:43,2025-06-26 01:27:48,84.08333333333333,128,2700.0,6,"Warm Up, Plank, Side Bend (Dumbbell), Burpee, Jumping Jack, Treadmill"
Workout_129,Chest,2025-06-28 00:08:18,2025-06-28 01:22:14,73.93333333333334,129,5965.0,7,"Warm Up, Bench Press (Barbell), Chest Press (Machine), Bench Press (Dumbbell), Incline Chest Fly (Dumbbell), Seated Dip Machine, Treadmill"
Workout_130,Shoulder,2025-06-29 00:02:32,2025-06-29 01:13:09,70.61666666666666,130,8175.0,9,"Warm Up, Shoulder Press (Machine Plates), Lateral Raise (Dumbbell), Front Raise (Dumbbell), Face Pull, Upright Row (Barbell), Rear Delt Reverse Fly (Machine), Shrug (Dumbbell), Spinning"
Workout_131,Morning workout ☀️,2025-07-11 23:54:44,2025-07-12 01:01:03,66.31666666666666,131,6925.0,7,"Warm Up, Treadmill, Incline Bench Press (Barbell), Bench Press (Barbell), Incline Bench Press (Dumbbell), Chest Fly (Machine), Seated Dip Machine"
Workout_132,Back,2025-07-13 00:12:20,2025-07-13 01:24:14,71.9,132,4801.0,8,"Warm Up, Lat Pulldown (Cable), Iso-Lateral High Row (Machine), Back Extension (Hyperextension), T Bar Row, Bicep Curl (Barbell), Hammer Curl (Dumbbell), Spinning"
Workout_133,Shoulder,2025-07-15 00:02:49,2025-07-15 01:05:56,63.11666666666667,133,4950.0,7,"Warm Up, Upright Row (Barbell), Lateral Raise (Dumbbell), Face Pull, Shrug (Dumbbell), Burpee, Spinning"
Workout_134,Legs,2025-07-16 23:55:14,2025-07-17 01:14:45,79.51666666666667,134,6525.0,6,"Warm Up, Leg Press (Machine), Lunge (Dumbbell), Lying Leg Curl (Machine), Sumo Squat (Dumbbell), Spinning"
Workout_135,Back,2025-07-19 00:02:35,2025-07-19 00:59:50,57.25,135,3365.0,5,"Warm Up, Lat Pulldown (Cable), T Bar Row, Back Extension (Weighted Hyperextension), Iso-Lateral High Row (Machine)"
Workout_136,Chest,2025-07-19 23:57:59,2025-07-20 01:02:39,64.66666666666667,136,6070.0,8,"Warm Up, Chest Press (Machine), Chest Fly (Machine), Bench Press (Barbell), Incline Bench Press (Dumbbell), Incline Chest Fly (Dumbbell), Triceps Extension (Dumbbell), Elliptical Trainer"
Workout_137,Shoulders,2025-07-20 23:58:03,2025-07-21 00:52:16,54.21666666666667,137,6880.0,8,"Warm Up, Overhead Press (Dumbbell), Rear Delt Reverse Fly (Machine), Plate Front Raise, Overhead Press (Barbell), Face Pull, Shrug (Dumbbell), Treadmill"
Workout_138,Legs,2025-07-21 23:56:25,2025-07-22 01:18:11,81.76666666666667,138,4895.0,8,"Warm Up, Bicep Curl (Machine), Squat (Machine), Walking Lunge (Dumbbell), Leg Extension (Machine), Lying Leg Curl (Machine), Seated Calf Raise, Treadmill"
Workout_139,Core,2025-07-23 00:04:15,2025-07-23 01:10:19,66.06666666666666,139,2270.0,5,"Warm Up, Plank, Kettlebell Swing, Side Bend (Dumbbell), Burpee"
Workout_140,Morning workout ☀️,2025-07-26 00:04:47,2025-07-26 00:54:47,50.0,140,3750.0,5,"Warm Up, Lat Pulldown (Cable), T Bar Row, Back Extension (Weighted Hyperextension), Dumbbell Row"
Workout_141,Chest,2025-07-29 00:28:57,2025-07-29 01:30:05,61.13333333333333,141,6900.0,7,"Warm Up, Bench Press (Barbell), Decline Bench Press (Barbell), Iso-Lateral Chest Press (Machine), Chest Press (Machine), Chest Fly (Machine), Spinning"
Workout_142,Back,2025-07-30 23:55:08,2025-07-31 00:17:13,22.083333333333332,142,3825.0,5,"Warm Up, Rear Delt Reverse Fly (Machine), Overhead Press (Barbell), Shrug (Dumbbell), Treadmill"
Workout_143,Chest,2025-08-03 00:18:49,2025-08-03 01:18:46,59.95,143,5048.75,7,"Warm Up, Bench Press (Dumbbell), Incline Bench Press (Barbell), Triceps Dip (Assisted), Chest Press (Machine), Chest Fly (Machine), Treadmill"
Workout_144,Back + biceps,2025-08-04 00:05:56,2025-08-04 01:23:07,77.18333333333334,144,5946.5,9,"Warm Up, Iso-Lateral High Row (Machine), T Bar Row, Lat Pulldown (Cable), Back Extension (Weighted Hyperextension), Chin Up (Assisted), Bicep Curl (Machine), Bicep Curl (Dumbbell), Hammer Curl (Dumbbell)"
Workout_145,Shoulder,2025-08-05 02:01:26,2025-08-05 03:12:46,71.33333333333333,145,7625.0,8,"Warm Up, Standing Military Press (Barbell), Face Pull, Overhead Press (Dumbbell), Shrug (Dumbbell), Upright Row (Barbell), Plate Front Raise, Burpee"
Workout_146,Legs,2025-08-06 00:05:03,2025-08-06 01:15:22,70.31666666666666,146,6905.0,7,"Warm Up, Leg Press (Machine), Leg Extension (Machine), Walking Lunge (Dumbbell), Sumo Squat (Dumbbell), Lying Leg Curl (Machine), Seated Calf Raise"
Workout_147,Back,2025-08-08 23:57:23,2025-08-09 01:11:01,73.63333333333334,147,7708.5,8,"Warm Up, Lat Pulldown (Cable), Iso-Lateral High Row (Machine), Dumbbell Row, Back Extension (Weighted Hyperextension), Seated Row (Machine), Bicep Curl (Dumbbell), Rope Cable Curl"
Workout_148,Chest,2025-08-10 00:09:41,2025-08-10 01:21:59,72.3,148,7490.0,7,"Warm Up, Incline Bench Press (Barbell), Bench Press (Barbell), Iso-Lateral Chest Press (Machine), Chest Press (Machine), Seated Dip Machine, Spinning"
Workout_149,Shoulder,2025-08-11 00:06:59,2025-08-11 01:11:44,64.75,149,7335.0,8,"Warm Up, Overhead Press (Dumbbell), Upright Row (Barbell), Rear Delt Reverse Fly (Dumbbell), Plate Front Raise, Face Pull, Shrug (Dumbbell), Treadmill"
Workout_150,Legs,2025-08-13 00:50:31,2025-08-13 01:54:38,64.11666666666666,150,8330.0,6,"Warm Up, Leg Press (Machine), Leg Extension (Machine), Lying Leg Curl (Machine), Squat (Dumbbell), Spinning"
Workout_151,Chest,2025-08-16 00:11:12,2025-08-16 01:11:48,60.6,151,5905.0,6,"Warm Up, Chest Press (Machine), Iso-Lateral Chest Press (Machine), Chest Fly (Machine), Bench Press (Barbell), Treadmill"
Workout_152,Back,2025-08-17 00:13:39,2025-08-17 01:22:12,68.55,152,8151.0,9,"Warm Up, Lat Pulldown (Cable), Seated Row (Machine), T Bar Row, Iso-Lateral High Row (Machine), Back Extension (Weighted Hyperextension), Bicep Curl (Machine), Bicep Curl (Barbell), Hammer Curl (Dumbbell)"
Workout_153,Chest,2025-08-23 00:28:21,2025-08-23 01:46:28,78.11666666666666,153,8165.0,8,"Warm Up, Iso-Lateral Chest Press (Machine), Bench Press (Barbell), Chest Press (Machine), Chest Fly (Machine), Seated Dip Machine, Triceps Extension (Dumbbell), Spinning"
Workout_154,Shoulder,2025-08-25 00:12:59,2025-08-25 00:59:41,46.7,154,4655.0,6,"Warm Up, Overhead Press (Dumbbell), Upright Row (Barbell), Lateral Raise (Dumbbell), Face Pull, Front Raise (Dumbbell)"
Workout_155,Back,2025-08-26 00:24:51,2025-08-26 01:30:39,65.8,155,6094.5,6,"Warm Up, T Bar Row, Lat Pulldown (Cable), Dumbbell Row, Iso-Lateral High Row (Machine), Back Extension (Weighted Hyperextension)"
Workout_156,Legs,2025-08-27 00:20:24,2025-08-27 01:22:45,62.35,156,9065.0,8,"Warm Up, Leg Press (Machine), Squat (Machine), Sumo Squat (Dumbbell), Leg Extension (Machine), Lying Leg Curl (Machine), Seated Calf Raise, Walking Lunge (Dumbbell)"
Workout_157,Chest,2025-08-28 00:33:43,2025-08-28 01:44:08,70.41666666666667,157,8425.0,9,"Warm Up, Iso-Lateral High Row (Machine), Bench Press (Dumbbell), Chest Press (Machine), Chest Fly (Machine), Incline Bench Press (Barbell), Triceps Extension (Dumbbell), Triceps Pushdown, Elliptical Trainer"
Workout_158,Back,2025-08-30 00:27:00,2025-08-30 01:43:41,76.68333333333334,158,7735.0,9,"Warm Up, Iso-Lateral High Row (Machine), T Bar Row, Back Extension (Weighted Hyperextension), Dumbbell Row, Seated Row (Machine), Bicep Curl (Machine), Hammer Curl (Dumbbell), Spinning"
Workout_159,Shoulder,2025-08-31 00:11:28,2025-08-31 01:00:54,49.43333333333333,159,6935.0,7,"Warm Up, Overhead Press (Dumbbell), Lateral Raise (Dumbbell), Face Pull, Seated Shoulder Press (Machine), Shrug (Dumbbell), Treadmill"
Workout_160,Legs,2025-09-01 00:13:47,2025-09-01 01:12:09,58.36666666666667,160,10600.0,7,"Warm Up, Leg Press (Machine), Lunge (Dumbbell), Squat (Machine), Leg Extension (Machine), Seated Leg Curl (Machine), Seated Calf Raise"
Workout_161,Back,2025-09-02 00:08:38,2025-09-02 01:26:36,77.96666666666667,161,8617.5,9,"Warm Up, Lat Pulldown (Cable), Back Extension (Weighted Hyperextension), T Bar Row, Iso-Lateral High Row (Machine), Dumbbell Row, Bicep Curl (Dumbbell), Hammer Curl (Dumbbell), Bicep Curl (Barbell)"
Workout_162,Chest,2025-09-03 00:18:16,2025-09-03 01:24:22,66.1,162,7455.0,9,"Warm Up, Bench Press (Barbell), Incline Bench Press (Dumbbell), Bench Press (Dumbbell), Iso-Lateral Chest Press (Machine), Chest Fly (Machine), Triceps Extension (Dumbbell), Rope Straight Arm Pulldown, Treadmill"
Workout_163,Shoulders,2025-09-07 00:25:34,2025-09-07 01:22:51,57.28333333333333,163,7590.0,8,"Warm Up, Shoulder Press (Machine Plates), Face Pull, Lateral Raise (Dumbbell), Plate Front Raise, Overhead Press (Dumbbell), Shrug (Dumbbell), Treadmill"
Workout_164,Legs,2025-09-09 00:16:52,2025-09-09 01:27:06,70.23333333333333,164,9010.0,7,"Warm Up, Leg Press (Machine), Leg Extension (Machine), Walking Lunge (Dumbbell), Squat (Machine), Seated Calf Raise, Treadmill"
Workout_165,Back+biceps,2025-09-10 00:26:21,2025-09-10 01:32:10,65.81666666666666,165,6795.0,7,"Warm Up, Lat Pulldown (Cable), Seated Row (Machine), Back Extension (Weighted Hyperextension), Iso-Lateral High Row (Machine), Bicep Curl (Dumbbell), Bicep Curl (Machine)"
Workout_166,Chest + tricep,2025-09-11 00:20:38,2025-09-11 01:29:26,68.8,166,7975.0,8,"Warm Up, Bench Press (Barbell), Incline Bench Press (Dumbbell), Bench Press (Dumbbell), Iso-Lateral Chest Press (Machine), Chest Fly (Machine), Triceps Extension (Dumbbell), Triceps Rope Pushdown"
Workout_167,Shoulder,2025-09-13 00:17:16,2025-09-13 01:10:55,53.65,167,7430.0,7,"Warm Up, Seated Shoulder Press (Machine), Face Pull, Lateral Raise (Dumbbell), Plate Front Raise, Overhead Press (Dumbbell), Shrug (Dumbbell)"
Workout_168,Legs,2025-09-16 01:04:38,2025-09-16 02:06:49,62.18333333333333,168,7390.0,5,"Warm Up, Leg Press (Machine), Leg Extension (Machine), Walking Lunge (Dumbbell), Seated Calf Raise"
Workout_169,Chest,2025-09-18 00:59:14,2025-09-18 01:58:57,59.71666666666667,169,8260.0,8,"Warm Up, Bench Press (Dumbbell), Incline Bench Press (Dumbbell), Bench Press (Barbell), Chest Fly (Machine), Triceps Rope Pushdown, Seated Dip Machine, Treadmill"
Workout_170,Back+lats,2025-09-21 00:47:26,2025-09-21 01:30:15,42.81666666666667,170,4005.0,5,"Warm Up, Lat Pulldown (Cable), Dumbbell Row, Iso-Lateral High Row (Machine), Back Extension (Weighted Hyperextension)"
Workout_171,Legs,2025-09-22 01:36:35,2025-09-22 02:40:47,64.2,171,11370.0,7,"Warm Up, Leg Press (Machine), Lunge (Dumbbell), Leg Extension (Machine), Lying Leg Curl (Machine), Seated Calf Raise, Squat (Machine)"
Workout_172,Shoulder,2025-09-24 01:39:06,2025-09-24 02:38:46,59.666666666666664,172,9100.0,8,"Warm Up, Overhead Press (Dumbbell), Lateral Raise (Dumbbell), Face Pull, Upright Row (Barbell), Shrug (Dumbbell), Seated Dip Machine, Treadmill"
Workout_173,Back,2025-09-27 01:56:20,2025-09-27 02:41:08,44.8,173,4953.5,7,"Warm Up, Iso-Lateral Row (Machine), Lat Pulldown (Cable), Pull Up (Assisted), Back Extension (Weighted Hyperextension), Bicep Curl (Dumbbell), Elliptical Trainer"
Workout_174,Chest,2025-09-28 02:00:10,2025-09-28 02:52:29,52.31666666666667,174,7412.5,8,"Warm Up, Bench Press (Dumbbell), Incline Bench Press (Dumbbell), Bench Press (Barbell), Chest Fly (Machine), Triceps Pushdown, Triceps Extension (Dumbbell), Treadmill"
Workout_175,Legs,2025-09-30 01:28:41,2025-09-30 02:20:02,51.35,175,9725.0,7,"Warm Up, Leg Press (Machine), Lunge (Dumbbell), Leg Extension (Machine), Lying Leg Curl (Machine), Seated Calf Raise, Elliptical Trainer"
Workout_176,Chest,2025-10-01 01:38:31,2025-10-01 02:40:52,62.35,176,9225.0,9,"Warm Up, Bench Press (Barbell), Incline Bench Press (Barbell), Incline Bench Press (Dumbbell), Chest Fly (Dumbbell), Chest Fly (Machine), Triceps Pushdown, Overhead Triceps Extension (Cable), Elliptical Trainer"
Workout_177,Shoulders,2025-10-02 01:47:56,2025-10-02 02:21:48,33.86666666666667,177,6160.0,6,"Warm Up, Overhead Press (Dumbbell), Lateral Raise (Dumbbell), Face Pull, Upright Row (Barbell), Shrug (Dumbbell)"
Workout_178,Back,2025-10-04 02:16:19,2025-10-04 03:27:55,71.6,178,7392.5,9,"Warm Up, T Bar Row, Lat Pulldown (Cable), Back Extension (Weighted Hyperextension), Iso-Lateral Low Row, Seated Row (Machine), Pull Up (Assisted), Bicep Curl (Dumbbell), Bicep Curl (Barbell)"
Workout_179,Morning workout ☀️,2025-10-05 02:04:49,2025-10-05 02:30:07,25.3,179,0.0,2,"Warm Up, Treadmill"
Workout_180,Legs,2025-10-06 02:07:33,2025-10-06 03:10:44,63.18333333333333,180,2220.0,5,"Elliptical Trainer, Treadmill, Squat (Bodyweight), Sumo Squat (Dumbbell), Leg Extension (Machine)"
Workout_181,Chest,2025-10-07 01:58:20,2025-10-07 03:00:09,61.81666666666667,181,7005.0,9,"Warm Up, Push Up, Bench Press (Dumbbell), Chest Fly (Machine), Chest Press (Machine), Triceps Pushdown, Triceps Extension (Dumbbell), Rowing Machine, Elliptical Trainer"
Workout_182,Shoulder,2025-10-08 01:55:41,2025-10-08 02:58:21,62.666666666666664,182,6130.0,9,"Warm Up, Overhead Press (Barbell), Lateral Raise (Dumbbell), Rear Delt Reverse Fly (Machine), Overhead Press (Dumbbell), Shrug (Dumbbell), Rowing Machine, Spinning, Treadmill"
Workout_183,Back,2025-10-11 01:37:28,2025-10-11 02:49:39,72.18333333333334,183,6540.5,8,"Warm Up, Treadmill, Lat Pulldown (Cable), Seated Cable Row - V Grip (Cable), Reverse Grip Lat Pulldown (Cable), Pull Up (Assisted), Bicep Curl (Dumbbell), Elliptical Trainer"
Workout_184,Legs,2025-10-12 01:58:34,2025-10-12 03:07:20,68.76666666666667,184,6740.0,7,"Warm Up, Squat (Bodyweight), Lunge (Dumbbell), Leg Extension (Machine), Leg Press (Machine), Seated Calf Raise, Treadmill"
Workout_185,Chest,2025-10-13 01:59:20,2025-10-13 03:17:46,78.43333333333334,185,8641.0,9,"Warm Up, Bench Press (Barbell), Bench Press (Dumbbell), Chest Fly (Machine), Chest Press (Machine), Triceps Rope Pushdown, Triceps Extension (Dumbbell), Treadmill, Elliptical Trainer"
Workout_186,Shoulder,2025-10-15 01:33:24,2025-10-15 02:31:02,57.63333333333333,186,7247.0,8,"Warm Up, Overhead Press (Barbell), Lateral Raise (Dumbbell), Rear Delt Reverse Fly (Machine), Overhead Press (Dumbbell), Shrug (Dumbbell), Treadmill, Elliptical Trainer"
Workout_187,Back,2025-10-16 09:33:00,2025-10-16 10:55:30,82.5,187,6553.0,7,"Warm Up, Lat Pulldown (Cable), Seated Cable Row - V Grip (Cable), Dumbbell Row, Rear Delt Reverse Fly (Machine), Treadmill, Spinning"
Workout_188,Legs,2025-10-18 02:03:41,2025-10-18 02:52:40,48.983333333333334,188,8265.0,8,"Warm Up, Leg Press (Machine), Leg Extension (Machine), Seated Leg Curl (Machine), Squat (Bodyweight), Seated Calf Raise, Lunge (Dumbbell), Treadmill"
Workout_189,Chest,2025-10-19 02:04:35,2025-10-19 03:14:30,69.91666666666667,189,7170.0,10,"Warm Up, Push Up, Chest Fly (Machine), Chest Press (Machine), Incline Bench Press (Dumbbell), Triceps Extension (Dumbbell), Triceps Rope Pushdown, Bench Dip, Treadmill, Elliptical Trainer"
Workout_190,Shoulder,2025-10-20 02:45:55,2025-10-20 03:55:20,69.41666666666667,190,6673.0,8,"Warm Up, Seated Shoulder Press (Machine), Face Pull, Front Raise (Dumbbell), Lateral Raise (Dumbbell), Shrug (Dumbbell), Treadmill, Elliptical Trainer"
Workout_191,Back,2025-10-25 01:50:33,2025-10-25 03:05:34,75.01666666666667,191,6210.0,8,"Warm Up, Lat Pulldown (Cable), Dumbbell Row, Seated Cable Row - V Grip (Cable), Hammer Curl (Dumbbell), Preacher Curl (Barbell), Treadmill, Elliptical Trainer"
Workout_192,Legs,2025-10-26 04:04:10,2025-10-26 04:57:40,53.5,192,9350.0,7,"Warm Up, Leg Press (Machine), Leg Extension (Machine), Seated Leg Curl (Machine), Walking Lunge (Dumbbell), Seated Calf Raise, Treadmill"
Workout_193,Chest,2025-10-27 02:14:49,2025-10-27 03:40:12,85.38333333333334,193,7879.0,10,"Warm Up, Push Up, Chest Press (Machine), Chest Fly (Machine), Bench Press (Barbell), Cable Fly Crossovers, Triceps Extension (Dumbbell), Triceps Rope Pushdown, Treadmill, Elliptical Trainer"
Workout_194,Shoulder,2025-10-31 04:38:04,2025-10-31 05:21:37,43.55,194,5057.0,7,"Warm Up, Shoulder Press (Machine Plates), Lateral Raise (Dumbbell), Face Pull, Front Raise (Dumbbell), Shrug (Dumbbell), Treadmill"
Workout_195,Back,2025-11-01 02:13:29,2025-11-01 03:22:23,68.9,195,8280.5,8,"Warm Up, Lat Pulldown (Cable), Seated Cable Row - V Grip (Cable), Rear Delt Reverse Fly (Machine), Dumbbell Row, Bicep Curl (Cable), Seated Incline Curl (Dumbbell), Hammer Curl (Dumbbell)"
Workout_196,Legs,2025-11-02 02:01:23,2025-11-02 02:57:14,55.85,196,9040.0,7,"Warm Up, Leg Press (Machine), Leg Extension (Machine), Seated Leg Curl (Machine), Walking Lunge (Dumbbell), Seated Calf Raise, Treadmill"
Workout_197,Chest,2025-11-03 02:52:10,2025-11-03 03:38:12,46.03333333333333,197,6184.0,6,"Warm Up, Bench Press (Dumbbell), Chest Fly (Machine), Incline Bench Press (Dumbbell), Triceps Extension (Dumbbell), Triceps Rope Pushdown"
Workout_198,Shoulder,2025-11-04 02:06:15,2025-11-04 03:07:35,61.333333333333336,198,6176.0,8,"Warm Up, Lateral Raise (Dumbbell), Seated Shoulder Press (Machine), Front Raise (Dumbbell), Face Pull, Shrug (Dumbbell), Treadmill, Elliptical Trainer"
Workout_199,Back,2025-11-05 03:00:29,2025-11-05 04:22:55,82.43333333333334,199,9022.0,9,"Warm Up, Lat Pulldown (Cable), Seated Cable Row - V Grip (Cable), Rear Delt Reverse Fly (Machine), Dumbbell Row, Bicep Curl (Cable), Bicep Curl (Dumbbell), Treadmill, Elliptical Trainer"
Workout_200,Legs,2025-11-08 02:46:18,2025-11-08 04:07:28,81.16666666666667,200,9315.0,8,"Warm Up, Spinning, Leg Extension (Machine), Seated Leg Curl (Machine), Leg Press (Machine), Walking Lunge (Dumbbell), Seated Calf Raise, Treadmill"
Workout_201,Chest,2025-11-09 03:11:32,2025-11-09 04:43:30,91.96666666666668,201,7580.5,9,"Warm Up, Bench Press (Dumbbell), Chest Fly (Machine), Incline Bench Press (Dumbbell), Cable Fly Crossovers, Triceps Extension (Dumbbell), Triceps Pushdown, Treadmill, Spinning"
Workout_202,Shoulder,2025-11-10 02:23:13,2025-11-10 03:45:03,81.83333333333333,202,7040.0,9,"Warm Up, Seated Shoulder Press (Machine), Front Raise (Barbell), Lateral Raise (Dumbbell), Face Pull, Shoulder Press (Dumbbell), Shrug (Dumbbell), Treadmill, Elliptical Trainer"
Workout_203,Back,2025-11-12 02:53:44,2025-11-12 04:42:08,108.4,203,7108.0,11,"Warm Up, Bent Over Row (Dumbbell), Seated Cable Row - V Grip (Cable), Lat Pulldown (Cable), Back Extension (Hyperextension), Bicep Curl (Barbell), Hammer Curl (Dumbbell), Preacher Curl (Dumbbell), Reverse Curl (Cable), Treadmill, Elliptical Trainer"
Workout_204,Legs,2025-11-13 09:57:37,2025-11-13 10:58:49,61.2,204,9498.0,8,"Warm Up, Leg Extension (Machine), Seated Leg Curl (Machine), Leg Press (Machine), Walking Lunge (Dumbbell), Seated Calf Raise, Crunch, Plank"
Workout_205,Legs,2025-11-15 09:51:04,2025-11-15 11:09:06,78.03333333333333,205,8118.4,9,"Warm Up, Incline Bench Press (Dumbbell), Chest Fly (Machine), Bench Press (Dumbbell), Cable Fly Crossovers, Single Arm Tricep Extension (Dumbbell), Overhead Triceps Extension (Cable), Triceps Rope Pushdown, Treadmill"
Workout_206,Shoulder,2025-11-16 03:31:14,2025-11-16 04:49:49,78.58333333333333,206,8432.2,9,"Warm Up, Seated Shoulder Press (Machine), Rear Delt Reverse Fly (Machine), Overhead Press (Dumbbell), Front Raise (Dumbbell), Single Arm Lateral Raise (Cable), Shrug (Dumbbell), Treadmill, Elliptical Trainer"
Workout_207,Back,2025-11-17 03:20:57,2025-11-17 04:53:56,92.98333333333332,207,7005.0,10,"Warm Up, Bent Over Row (Dumbbell), Seated Cable Row - V Grip (Cable), Lat Pulldown (Cable), Back Extension (Hyperextension), Bicep Curl (Dumbbell), Hammer Curl (Dumbbell), Preacher Curl (Dumbbell), Treadmill, Elliptical Trainer"
Workout_208,Legs,2025-11-19 01:15:41,2025-11-19 02:15:42,60.016666666666666,208,5120.0,6,"Warm Up, Squat (Bodyweight), Goblet Squat, Leg Extension (Machine), Sumo Squat (Dumbbell), Seated Calf Raise"
Workout_209,Chest,2025-11-22 02:15:38,2025-11-22 03:45:38,90.0,209,9665.5,10,"Warm Up, Bench Press (Dumbbell), Chest Fly (Machine), Incline Bench Press (Barbell), Chest Press (Machine), Overhead Triceps Extension (Cable), Triceps Extension (Dumbbell), Bench Dip, Treadmill, Elliptical Trainer"
Workout_210,Shoulders,2025-11-23 02:39:49,2025-11-23 03:45:45,65.93333333333334,210,7884.0,7,"Warm Up, Lateral Raise (Dumbbell), Front Raise (Cable), Shoulder Press (Dumbbell), Rear Delt Reverse Fly (Machine), Shrug (Dumbbell), Treadmill"
Workout_211,Back,2025-11-24 02:30:07,2025-11-24 04:05:58,95.85,211,8182.0,10,"Warm Up, Lat Pulldown (Cable), Seated Cable Row - V Grip (Cable), Bent Over Row (Dumbbell), Back Extension (Hyperextension), Bicep Curl (Dumbbell), Bicep Curl (Barbell), Hammer Curl (Dumbbell), Treadmill, Elliptical Trainer"
Workout_212,Legs,2025-11-25 02:33:48,2025-11-25 03:41:27,67.65,212,8970.0,7,"Warm Up, Spinning, Leg Extension (Machine), Squat (Barbell), Leg Press (Machine), Sumo Squat (Dumbbell), Seated Calf Raise"
Workout_213,Chest,2025-11-26 02:26:07,2025-11-26 03:32:45,66.63333333333334,213,7710.0,7,"Warm Up, Incline Bench Press (Dumbbell), Chest Fly (Machine), Bench Press (Barbell), Single Arm Tricep Extension (Dumbbell), Triceps Rope Pushdown, Treadmill"
Workout_214,Back,2025-11-29 02:39:51,2025-11-29 04:04:48,84.95,214,8890.0,9,"Warm Up, Pull Up (Assisted), Bent Over Row (Barbell), Lat Pulldown (Cable), Dumbbell Row, Bicep Curl (Barbell), Hammer Curl (Dumbbell), Bicep Curl (Cable), Treadmill"
Workout_215,Shoulder,2025-11-30 02:56:07,2025-11-30 04:04:41,68.56666666666666,215,6560.0,8,"Warm Up, Seated Shoulder Press (Machine), Lateral Raise (Dumbbell), Front Raise (Dumbbell), Face Pull, Shrug (Dumbbell), Treadmill, Elliptical Trainer"
Workout_216,Legs,2025-12-01 02:38:55,2025-12-01 03:35:35,56.666666666666664,216,9577.0,6,"Warm Up, Spinning, Leg Extension (Machine), Seated Leg Curl (Machine), Leg Press (Machine), Seated Calf Raise"
Workout_217,Chest,2025-12-03 02:10:06,2025-12-03 03:29:29,79.38333333333334,217,8562.0,9,"Warm Up, Chest Press (Machine), Chest Fly (Machine), Incline Bench Press (Dumbbell), Single Arm Tricep Extension (Dumbbell), Triceps Rope Pushdown, Triceps Extension (Dumbbell), Treadmill, Elliptical Trainer"
Workout_218,Back,2025-12-06 02:21:28,2025-12-06 03:37:08,75.66666666666667,218,7374.0,9,"Warm Up, Lat Pulldown - Close Grip (Cable), Seated Cable Row - V Grip (Cable), Lat Pulldown (Cable), Back Extension (Hyperextension), Bicep Curl (Barbell), Hammer Curl (Dumbbell), Single Arm Curl (Cable), Treadmill"
Workout_219,Shoulder,2025-12-07 03:15:01,2025-12-07 04:27:00,71.98333333333333,219,8201.0,8,"Warm Up, Lateral Raise (Dumbbell), Front Raise (Barbell), Rear Delt Reverse Fly (Machine), Seated Shoulder Press (Machine), Shrug (Dumbbell), Treadmill, Elliptical Trainer"
Workout_220,Legs,2025-12-08 02:21:54,2025-12-08 03:30:12,68.3,220,8715.0,6,"Warm Up, Leg Extension (Machine), Lunge (Dumbbell), Leg Press (Machine), Squat (Smith Machine), Seated Calf Raise"
Workout_221,Chest,2025-12-09 02:40:20,2025-12-09 04:01:20,81.0,221,7357.0,9,"Warm Up, Bench Press (Barbell), Incline Chest Fly (Dumbbell), Chest Press (Machine), Chest Fly (Machine), Triceps Extension (Dumbbell), Triceps Rope Pushdown, Elliptical Trainer, Treadmill"
Workout_222,Back,2025-12-10 02:28:18,2025-12-10 03:54:48,86.5,222,7505.0,9,"Warm Up, Bent Over Row (Barbell), Lat Pulldown (Cable), Dumbbell Row, Straight Arm Lat Pulldown (Cable), Back Extension (Hyperextension), Bicep Curl (Dumbbell), Reverse Curl (Barbell), Treadmill"
Workout_223,Shoulder,2025-12-14 02:17:31,2025-12-14 03:29:42,72.18333333333334,223,7015.0,8,"Warm Up, Front Raise (Dumbbell), Seated Shoulder Press (Machine), Face Pull, Rear Delt Reverse Fly (Machine), Shrug (Dumbbell), Treadmill, Elliptical Trainer"
Workout_224,Legs,2025-12-15 02:46:15,2025-12-15 03:43:02,56.78333333333333,224,4310.0,7,"Warm Up, Spinning, Squat (Bodyweight), Leg Extension (Machine), Leg Press (Machine), Walking Lunge, Standing Calf Raise"
Workout_225,Chest,2025-12-16 02:35:40,2025-12-16 03:38:29,62.81666666666667,225,7185.0,8,"Warm Up, Bench Press (Dumbbell), Chest Fly (Machine), Incline Bench Press (Dumbbell), Chest Press (Machine), Triceps Extension (Dumbbell), Triceps Rope Pushdown, Treadmill"
Workout_226,Back,2025-12-17 02:27:22,2025-12-17 03:40:37,73.25,226,6394.3,8,"Warm Up, Bent Over Row (Barbell), Lat Pulldown (Cable), Dumbbell Row, Straight Arm Lat Pulldown (Cable), Back Extension (Hyperextension), Bicep Curl (Dumbbell), Treadmill"
Workout_227,Shoulder,2025-12-20 02:38:11,2025-12-20 03:53:36,75.41666666666667,227,6987.0,8,"Warm Up, Overhead Press (Barbell), Face Pull, Lateral Raise (Dumbbell), Shoulder Press (Dumbbell), Shrug (Dumbbell), Elliptical Trainer, Treadmill"
Workout_228,Legs,2025-12-22 01:35:04,2025-12-22 02:34:02,58.96666666666667,228,7530.0,7,"Warm Up, Squat (Smith Machine), Leg Press (Machine), Walking Lunge, Leg Extension (Machine), Seated Leg Curl (Machine), Standing Calf Raise"
Workout_229,Chest,2025-12-23 02:21:57,2025-12-23 03:41:05,79.13333333333334,229,7419.5,9,"Warm Up, Bench Press (Dumbbell), Chest Fly (Machine), Incline Bench Press (Dumbbell), Triceps Rope Pushdown, Triceps Extension (Dumbbell), Triceps Kickback (Dumbbell), Treadmill, Elliptical Trainer"
Workout_230,Back,2025-12-24 02:29:30,2025-12-24 03:20:50,51.333333333333336,230,5322.0,7,"Warm Up, Lat Pulldown (Cable), Dumbbell Row, Straight Arm Lat Pulldown (Cable), Back Extension (Hyperextension), Bicep Curl (Dumbbell), Reverse Curl (Barbell)"
Workout_231,Shoulder,2025-12-27 02:36:24,2025-12-27 03:57:58,81.56666666666666,231,9245.0,9,"Warm Up, Seated Shoulder Press (Machine), Rear Delt Reverse Fly (Machine), Overhead Press (Dumbbell), Front Raise (Dumbbell), Face Pull, Shrug (Dumbbell), Treadmill, Elliptical Trainer"
Workout_232,Legs,2025-12-28 02:16:25,2025-12-28 03:13:46,57.35,232,9095.0,6,"Warm Up, Leg Extension (Machine), Seated Leg Curl (Machine), Leg Press (Machine), Walking Lunge, Seated Calf Raise"
Workout_233,Chest,2025-12-29 02:18:04,2025-12-29 03:39:28,81.4,233,8430.2,9,"Warm Up, Bench Press (Dumbbell), Chest Fly (Machine), Incline Bench Press (Dumbbell), Incline Chest Fly (Dumbbell), Triceps Extension (Dumbbell), Triceps Pushdown, Treadmill, Elliptical Trainer"
Workout_234,Back,2025-12-30 02:36:15,2025-12-30 04:06:04,89.81666666666666,234,7286.5,10,"Warm Up, Bent Over Row (Barbell), Lat Pulldown (Cable), Dumbbell Row, Straight Arm Lat Pulldown (Cable), Back Extension (Hyperextension), Bicep Curl (Dumbbell), Bicep Curl (Cable), Treadmill, Elliptical Trainer"
Workout_235,Shoulder,2025-12-31 02:47:47,2025-12-31 03:53:02,65.25,235,8440.2,8,"Warm Up, Seated Shoulder Press (Machine), Rear Delt Reverse Fly (Machine), Overhead Press (Dumbbell), Front Raise (Dumbbell), Single Arm Lateral Raise (Cable), Shrug (Dumbbell), Treadmill"
Workout_236,Back,2026-01-04 02:22:33,2026-01-04 03:16:47,54.233333333333334,236,9615.0,6,"Warm Up, Goblet Squat, Leg Press (Machine), Leg Extension (Machine), Seated Leg Curl (Machine), Seated Calf Raise"
Workout_237,Chest,2026-01-05 02:43:15,2026-01-05 03:59:04,75.81666666666666,237,8450.0,9,"Warm Up, Bench Press (Dumbbell), Chest Fly (Machine), Incline Bench Press (Dumbbell), Chest Press (Machine), Triceps Extension (Dumbbell), Single Arm Tricep Extension (Dumbbell), Treadmill, Elliptical Trainer"
Workout_238,Back,2026-01-07 02:04:29,2026-01-07 03:26:13,81.73333333333333,238,6031.0,9,"Warm Up, Lat Pulldown (Cable), Seated Cable Row - V Grip (Cable), Straight Arm Lat Pulldown (Cable), Back Extension (Hyperextension), Bicep Curl (Dumbbell), Bicep Curl (Cable), Treadmill, Elliptical Trainer"
Workout_239,Shoulder,2026-01-10 02:23:27,2026-01-10 03:36:46,73.31666666666666,239,9343.0,9,"Warm Up, Seated Shoulder Press (Machine), Rear Delt Reverse Fly (Machine), Overhead Press (Dumbbell), Front Raise (Dumbbell), Face Pull, Shrug (Dumbbell), Treadmill, Elliptical Trainer"
Workout_240,Legs,2026-01-11 02:23:07,2026-01-11 03:22:30,59.38333333333333,240,9060.0,6,"Warm Up, Leg Extension (Machine), Seated Leg Curl (Machine), Leg Press (Machine), Walking Lunge, Seated Calf Raise"
Workout_241,Chest,2026-01-12 02:04:42,2026-01-12 03:18:06,73.4,241,7483.2,7,"Warm Up, Bench Press (Dumbbell), Chest Fly (Machine), Incline Bench Press (Dumbbell), Triceps Extension (Dumbbell), Triceps Pushdown, Treadmill"
Workout_242,Back,2026-01-13 02:03:38,2026-01-13 02:52:58,49.333333333333336,242,3685.0,4,"Warm Up, Bent Over Row (Barbell), Lat Pulldown (Cable), Treadmill"
Workout_243,Shoulder,2026-01-17 02:20:51,2026-01-17 03:45:22,84.51666666666667,243,7814.5,9,"Warm Up, Seated Shoulder Press (Machine), Rear Delt Reverse Fly (Machine), Face Pull, Front Raise (Dumbbell), Lateral Raise (Dumbbell), Shrug (Dumbbell), Treadmill, Elliptical Trainer"
Workout_244,Legs,2026-01-19 02:12:01,2026-01-19 03:23:15,71.23333333333333,244,8205.0,6,"Warm Up, Squat (Bodyweight), Leg Extension (Machine), Seated Leg Curl (Machine), Leg Press (Machine), Seated Calf Raise"
Workout_245,Chest,2026-01-20 02:15:04,2026-01-20 03:20:44,65.66666666666667,245,6163.2,7,"Warm Up, Bench Press (Dumbbell), Chest Fly (Machine), Triceps Extension (Dumbbell), Triceps Pushdown, Treadmill, Elliptical Trainer"
Workout_246,Back,2026-01-21 02:12:10,2026-01-21 03:03:14,51.06666666666667,246,5635.0,6,"Warm Up, Bent Over Row (Barbell), Lat Pulldown (Cable), Bicep Curl (Dumbbell), Hammer Curl (Dumbbell), Treadmill"
Workout_247,Shoulder,2026-01-22 02:21:29,2026-01-22 03:03:10,41.68333333333333,247,1699.2,4,"Warm Up, Overhead Press (Dumbbell), Single Arm Lateral Raise (Cable), Treadmill"
Workout_248,Legs,2026-01-24 02:07:30,2026-01-24 03:04:45,57.25,248,8580.0,6,"Warm Up, Leg Extension (Machine), Seated Leg Curl (Machine), Leg Press (Machine), Walking Lunge, Seated Calf Raise"
Workout_249,Chest,2026-01-25 02:01:44,2026-01-25 03:15:58,74.23333333333333,249,7002.2,8,"Warm Up, Bench Press (Dumbbell), Chest Fly (Machine), Incline Bench Press (Dumbbell), Cable Fly Crossovers, Triceps Extension (Dumbbell), Triceps Pushdown, Treadmill"
Workout_250,Back,2026-01-26 02:13:18,2026-01-26 03:42:54,89.6,250,6803.5,9,"Warm Up, Bent Over Row (Barbell), Lat Pulldown (Cable), Dumbbell Row, Straight Arm Lat Pulldown (Cable), Hammer Curl (Dumbbell), Bicep Curl (Cable), Treadmill, Elliptical Trainer"
Workout_251,Shoulder,2026-01-27 02:13:11,2026-01-27 03:27:17,74.1,251,7558.0,8,"Warm Up, Seated Shoulder Press (Machine), Rear Delt Reverse Fly (Machine), Overhead Press (Dumbbell), Face Pull, Shrug (Dumbbell), Treadmill, Elliptical Trainer"
Workout_252,Legs,2026-01-28 02:14:07,2026-01-28 03:08:14,54.11666666666667,252,9055.0,6,"Warm Up, Leg Extension (Machine), Seated Leg Curl (Machine), Leg Press (Machine), Walking Lunge, Seated Calf Raise"
Workout_253,Chest,2026-01-31 02:11:25,2026-01-31 03:41:07,89.7,253,5396.2,7,"Warm Up, Bench Press (Dumbbell), Chest Fly (Machine), Triceps Extension (Dumbbell), Triceps Pushdown, Treadmill, Elliptical Trainer"
Workout_254,Back,2026-02-01 02:17:12,2026-02-01 03:20:48,63.6,254,2554.0,6,"Warm Up, Bent Over Row (Barbell), Straight Arm Lat Pulldown (Cable), Bicep Curl (Dumbbell), Treadmill, Elliptical Trainer"
Workout_255,Shoulder,2026-02-02 01:59:52,2026-02-02 02:43:34,43.7,255,1107.0,4,"Warm Up, Shoulder Press (Dumbbell), Single Arm Lateral Raise (Cable), Treadmill"
